{"cameraMode":{"drawMode":0,"name":"Shaded","section":"Shading Mode"},"sceneLighting":false,"audioPlay":false,"sceneViewState":{"m_AlwaysRefresh":false,"showFog":true,"showSkybox":false,"showFlares":true,"showImageEffects":true,"showParticleSystems":true,"showVisualEffectGraphs":true,"m_FxEnabled":true},"in2DMode":false,"pivot":{"x":-0.038764357566833499,"y":1.1558529138565064,"z":0.2053285837173462},"rotation":{"x":-0.3008374869823456,"y":0.5110411643981934,"z":-0.1969282627105713,"w":-0.7807027697563171},"size":1.9174877405166627,"orthographic":false}