{"cameraMode":{"drawMode":0,"name":"Shaded","section":"Shading Mode"},"sceneLighting":false,"audioPlay":false,"sceneViewState":{"m_AlwaysRefresh":false,"showFog":true,"showSkybox":false,"showFlares":true,"showImageEffects":true,"showParticleSystems":true,"showVisualEffectGraphs":true,"m_FxEnabled":true},"in2DMode":false,"pivot":{"x":-5.820727348327637,"y":-1.4073753356933594,"z":-0.9352045059204102},"rotation":{"x":-0.32715514302253725,"y":0.004815812688320875,"z":-0.001668462180532515,"w":-0.9449223279953003},"size":4.300748348236084,"orthographic":false}