{"cameraMode":{"drawMode":0,"name":"Shaded","section":"Shading Mode"},"sceneLighting":false,"audioPlay":false,"sceneViewState":{"m_AlwaysRefresh":false,"showFog":true,"showSkybox":false,"showFlares":true,"showImageEffects":true,"showParticleSystems":true,"showVisualEffectGraphs":true,"m_FxEnabled":true},"in2DMode":false,"pivot":{"x":-5.602565288543701,"y":-0.7851972579956055,"z":-6.151660442352295},"rotation":{"x":-0.44330957531929018,"y":0.003223434090614319,"z":-0.0015955690760165454,"w":-0.8963241577148438},"size":8.638776779174805,"orthographic":false}