{"cameraMode":{"drawMode":0,"name":"Shaded","section":"Shading Mode"},"sceneLighting":false,"audioPlay":false,"sceneViewState":{"m_AlwaysRefresh":false,"showFog":true,"showSkybox":false,"showFlares":true,"showImageEffects":true,"showParticleSystems":true,"showVisualEffectGraphs":true,"m_FxEnabled":true},"in2DMode":false,"pivot":{"x":-4.937582015991211,"y":1.4898347854614258,"z":-8.003183364868164},"rotation":{"x":-0.44196954369544985,"y":0.0005348261329345405,"z":-0.0002646958455443382,"w":-0.8969964981079102},"size":7.021352767944336,"orthographic":false}