{"cameraMode":{"drawMode":0,"name":"Shaded","section":"Shading Mode"},"sceneLighting":true,"audioPlay":false,"sceneViewState":{"m_AlwaysRefresh":false,"showFog":true,"showSkybox":true,"showFlares":true,"showImageEffects":true,"showParticleSystems":true,"showVisualEffectGraphs":true,"m_FxEnabled":true},"in2DMode":false,"pivot":{"x":2.7333123683929445,"y":-2.078441858291626,"z":0.32493603229522707},"rotation":{"x":-0.26516008377075198,"y":0.6369770765304565,"z":-0.24892112612724305,"w":-0.6793935894966126},"size":7.315792560577393,"orthographic":false}