{"cameraMode":{"drawMode":0,"name":"Shaded","section":"Shading Mode"},"sceneLighting":false,"audioPlay":false,"sceneViewState":{"m_AlwaysRefresh":false,"showFog":true,"showSkybox":false,"showFlares":true,"showImageEffects":true,"showParticleSystems":true,"showVisualEffectGraphs":true,"m_FxEnabled":true},"in2DMode":false,"pivot":{"x":-0.11667165160179138,"y":1.800905466079712,"z":-0.18190038204193116},"rotation":{"x":-0.01577610708773136,"y":0.9811025857925415,"z":-0.16973450779914857,"w":-0.09121015667915344},"size":1.8073949813842774,"orthographic":false}