{"cameraMode":{"drawMode":0,"name":"Shaded","section":"Shading Mode"},"sceneLighting":false,"audioPlay":false,"sceneViewState":{"m_AlwaysRefresh":false,"showFog":true,"showSkybox":false,"showFlares":true,"showImageEffects":true,"showParticleSystems":true,"showVisualEffectGraphs":true,"m_FxEnabled":true},"in2DMode":false,"pivot":{"x":-0.000020802021026611328,"y":0.7041126489639282,"z":0.1315189003944397},"rotation":{"x":-0.3609524667263031,"y":0.23855245113372804,"z":-0.09605994820594788,"w":-0.8963942527770996},"size":1.5438252687454224,"orthographic":false}