{"cameraMode":{"drawMode":0,"name":"Shaded","section":"Shading Mode"},"sceneLighting":false,"audioPlay":false,"sceneViewState":{"m_AlwaysRefresh":false,"showFog":true,"showSkybox":false,"showFlares":true,"showImageEffects":true,"showParticleSystems":true,"showVisualEffectGraphs":true,"m_FxEnabled":true},"in2DMode":false,"pivot":{"x":-1.4730099439620972,"y":-0.10555624961853028,"z":0.1294264793395996},"rotation":{"x":-0.08272480964660645,"y":0.9172407388687134,"z":-0.2750251591205597,"w":-0.2759161591529846},"size":1.8073949813842774,"orthographic":false}