{"cameraMode":{"drawMode":0,"name":"Shaded","section":"Shading Mode"},"sceneLighting":false,"audioPlay":false,"sceneViewState":{"m_AlwaysRefresh":false,"showFog":true,"showSkybox":false,"showFlares":true,"showImageEffects":true,"showParticleSystems":true,"showVisualEffectGraphs":true,"m_FxEnabled":true},"in2DMode":false,"pivot":{"x":-0.033849120140075687,"y":0.8488367199897766,"z":0.07347196340560913},"rotation":{"x":-0.3008374869823456,"y":0.5110411643981934,"z":-0.1969282627105713,"w":-0.7807027697563171},"size":1.5823873281478882,"orthographic":false}